{
    "TrainAccuracy": [
        0.8602711157455682,
        0.8856121537086684,
        0.8788115715402658,
        0.881862404447533
    ],
    "TrainPrecision": [
        0.0,
        0.42857142857142855,
        0.37714285714285717,
        0.36597938144329895
    ],
    "TrainRecall": [
        0.0,
        0.6226415094339622,
        0.5892857142857143,
        0.6016949152542372
    ],
    "TrainF1": [
        0.0,
        0.5076923076923078,
        0.4599303135888502,
        0.45512820512820507
    ],
    "TestAccuracy": [
        0.8703125,
        0.86875,
        0.878125,
        0.85
    ],
    "TestPrecision": [
        0.0,
        0.4444444444444444,
        0.2619047619047619,
        0.2608695652173913
    ],
    "TestRecall": [
        0.0,
        0.5,
        0.5789473684210527,
        0.46153846153846156
    ],
    "TestF1": [
        0.0,
        0.47058823529411764,
        0.3606557377049181,
        0.33333333333333337
    ]
}