{
    "TrainAccuracy": [
        0.8394160583941606,
        0.848893166506256,
        0.8257372654155496,
        0.854045037531276,
        0.8389366692728695,
        0.8454746136865342,
        0.8492008339124392
    ],
    "TrainPrecision": [
        0.6229508196721312,
        0.676056338028169,
        0.6645962732919255,
        0.6455696202531646,
        0.7,
        0.689119170984456,
        0.6701030927835051
    ],
    "TrainRecall": [
        0.41304347826086957,
        0.463768115942029,
        0.4314516129032258,
        0.46153846153846156,
        0.45323741007194246,
        0.46996466431095407,
        0.45936395759717313
    ],
    "TrainF1": [
        0.4967320261437908,
        0.5501432664756447,
        0.5232273838630808,
        0.5382585751978892,
        0.5502183406113537,
        0.5588235294117647,
        0.5450733752620545
    ],
    "TestAccuracy": [
        0.853125,
        0.8339285714285715,
        0.8354166666666667,
        0.845,
        0.81875,
        0.8291666666666667,
        0.8625
    ],
    "TestPrecision": [
        0.6736842105263158,
        0.7333333333333333,
        0.7678571428571429,
        0.6440677966101694,
        0.6486486486486487,
        0.75,
        0.6956521739130435
    ],
    "TestRecall": [
        0.5039370078740157,
        0.4296875,
        0.3944954128440367,
        0.4810126582278481,
        0.34782608695652173,
        0.33962264150943394,
        0.5161290322580645
    ],
    "TestF1": [
        0.5765765765765766,
        0.5418719211822659,
        0.5212121212121212,
        0.5507246376811594,
        0.4528301886792453,
        0.4675324675324676,
        0.5925925925925926
    ]
}