{
    "TrainAccuracy": [
        0.9991659716430359,
        1.0,
        1.0,
        1.0,
        1.0,
        1.0
    ],
    "TrainPrecision": [
        0.9941176470588236,
        1.0,
        1.0,
        1.0,
        1.0,
        1.0
    ],
    "TrainRecall": [
        1.0,
        1.0,
        1.0,
        1.0,
        1.0,
        1.0
    ],
    "TrainF1": [
        0.9970501474926253,
        1.0,
        1.0,
        1.0,
        1.0,
        1.0
    ],
    "TestAccuracy": [
        0.905,
        0.9075,
        0.915,
        0.93,
        0.91,
        0.905
    ],
    "TestPrecision": [
        0.3617021276595745,
        0.4745762711864407,
        0.45454545454545453,
        0.5348837209302325,
        0.6,
        0.509090909090909
    ],
    "TestRecall": [
        0.68,
        0.8235294117647058,
        0.6666666666666666,
        0.7419354838709677,
        0.6521739130434783,
        0.717948717948718
    ],
    "TestF1": [
        0.4722222222222222,
        0.6021505376344086,
        0.5405405405405405,
        0.6216216216216216,
        0.6250000000000001,
        0.5957446808510638
    ]
}