{
    "TrainAccuracy": [
        0.9457881567973311,
        0.9616346955796498,
        0.9432860717264387,
        0.9566305254378649,
        0.9674728940783986,
        0.9708090075062552
    ],
    "TrainPrecision": [
        0.6265822784810127,
        0.7483870967741936,
        0.6114649681528662,
        0.7018633540372671,
        0.7941176470588235,
        0.7961783439490446
    ],
    "TrainRecall": [
        0.9428571428571428,
        0.943089430894309,
        0.9320388349514563,
        0.9658119658119658,
        0.9712230215827338,
        0.9765625
    ],
    "TrainF1": [
        0.7528517110266159,
        0.8345323741007195,
        0.7384615384615385,
        0.8129496402877697,
        0.8737864077669902,
        0.8771929824561403
    ],
    "TestAccuracy": [
        0.885,
        0.875,
        0.895,
        0.885,
        0.9,
        0.9
    ],
    "TestPrecision": [
        0.4406779661016949,
        0.4032258064516129,
        0.43333333333333335,
        0.5178571428571429,
        0.48936170212765956,
        0.4166666666666667
    ],
    "TestRecall": [
        0.6666666666666666,
        0.6578947368421053,
        0.7647058823529411,
        0.6041666666666666,
        0.5897435897435898,
        0.8333333333333334
    ],
    "TestF1": [
        0.5306122448979591,
        0.4999999999999999,
        0.5531914893617021,
        0.5576923076923077,
        0.5348837209302325,
        0.5555555555555556
    ]
}