{
    "TrainAccuracy": [
        1.0,
        0.9991659716430359,
        1.0,
        1.0,
        1.0,
        0.9991659716430359
    ],
    "TrainPrecision": [
        1.0,
        0.99375,
        1.0,
        1.0,
        1.0,
        0.9935897435897436
    ],
    "TrainRecall": [
        1.0,
        1.0,
        1.0,
        1.0,
        1.0,
        1.0
    ],
    "TrainF1": [
        1.0,
        0.9968652037617556,
        1.0,
        1.0,
        1.0,
        0.9967845659163987
    ],
    "TestAccuracy": [
        0.9,
        0.9025,
        0.8925,
        0.8875,
        0.91,
        0.9075
    ],
    "TestPrecision": [
        0.47058823529411764,
        0.5263157894736842,
        0.5,
        0.5740740740740741,
        0.45098039215686275,
        0.4426229508196721
    ],
    "TestRecall": [
        0.6486486486486487,
        0.7142857142857143,
        0.6744186046511628,
        0.5849056603773585,
        0.7419354838709677,
        0.9
    ],
    "TestF1": [
        0.5454545454545454,
        0.6060606060606061,
        0.5742574257425743,
        0.5794392523364486,
        0.5609756097560976,
        0.5934065934065934
    ]
}